{
    "integrationUser": {
        "systemAdmin": false
    },
    "tiles": [
        {
            "sampleData": {
                "pushData": "Not yet initialized",
                "pushCount": "-1"
            },
            "displayName": "JiveDev Twitter",
            "name": "JiveDev Twitter",
            "description": "JiveDev twitter feed",
            "style": "CUSTOM_VIEW",
            "displayWidth": "ALL",
            "pageTypes": [
                "PLACE",
                "USER",
                "NEWS"
            ],
            "icons": {
                "16": "https://developer.jivesoftware.com/DeveloperAssets/images/icons/jivedev-xsmall.png",
                "48": "https://developer.jivesoftware.com/DeveloperAssets/images/icons/jivedev-small.png",
                "128": "https://developer.jivesoftware.com/DeveloperAssets/images/icons/jivedev-med.png"
            },
            "view": "https://3c4b1357.ngrok.io/sampletile-app-external/view.html",
            "unregister": "https://3c4b1357.ngrok.io/unregister",
            "register": "https://3c4b1357.ngrok.io/registration"
        }
    ]
}