{
    "package_version": "1.0",
    "id": "9ca6a14d-d606-46d8-a89b-309ef5314799",
    "type": "client-app",
    "name": "JiveDev Twitter Tile",
    "description": "JiveDev Twitter Feed Tile",
    "minimum_version": "0070300000",
    "icon_16": "extension-16.png",
    "icon_48": "extension-48.png",
    "icon_128": "extension-128.png",
    "released_on": "2015-09-15T19:32:21.947Z",
    "service_url": "https://3c4b1357.ngrok.io",
    "redirect_url": "%serviceURL%",
    "releasedOn": "2015-09-15T19:32:21.947Z"
}