{
    "package_version": "1.0",
    "id": "9ca6a14d-d606-46d8-a89b-309ef5314799",
    "type": "client-app",
    "name": "twitter-widget-tile",
    "description": "Configurable Twitter feed tile",
    "minimum_version": "0080300000",
    "icon_16": "extension-16.png",
    "icon_48": "extension-48.png",
    "icon_128": "extension-128.png",
    "released_on": "2015-09-15T19:32:21.947Z",
    "register_url": "%serviceURL%/jive/oauth/register",
    "unregister_url": "%serviceURL%/jive/oauth/unregister",
    "service_url": "http://localhost",
    "redirect_url": "%serviceURL%",
    "releasedOn": "2015-09-15T19:32:21.947Z"
}